  [{
    "Date": "2014 Q1",
    "Indice": "-1,0%"
  },
  {
    "Date": "2014 Q2",
    "Indice": "0,7%"
  },
  {
    "Date": "2014 Q3",
    "Indice": "-1,9%"
  },
  {
    "Date": "2014 Q4",
    "Indice": "0,7%"
  },
  {
    "Date": "2015 Q1",
    "Indice": "0,1%"
  },
  {
    "Date": "2015 Q2",
    "Indice": "-3,9%"
  },
  {
    "Date": "2015 Q3",
    "Indice": "-6,2%"
  },
  {
    "Date": "2015 Q4",
    "Indice": "7,7%"
  },
  {
    "Date": "2016 Q1",
    "Indice": "-1,7%"
  },
  {
    "Date": "2016 Q2",
    "Indice": "-3,6%"
  },
  {
    "Date": "2016 Q3",
    "Indice": "4,1%"
  },
  {
    "Date": "2016 Q4",
    "Indice": "5,0%"
  },
  {
    "Date": "2017 Q1",
    "Indice": "0,6%"
  },
  {
    "Date": "2017 Q2",
    "Indice": "1,6%"
  },
  {
    "Date": "2017 Q3",
    "Indice": "0,3%"
  },
  {
    "Date": "2017 Q4",
    "Indice": "0,2%"
  },
  {
    "Date": "2018 Q1",
    "Indice": "0,0%"
  },
  {
    "Date": "2018 Q2",
    "Indice": "1,0%"
  },
  {
    "Date": "2018 Q3",
    "Indice": "-0,2%"
  },
  {
    "Date": "2018 Q4",
    "Indice": "-0,5%"
  },
  {
    "Date": "2019 Q1",
    "Indice": "-1,3%"
  },
  {
    "Date": "2019 Q2",
    "Indice": "1,0%"
  },
  {
    "Date": "2019 Q3",
    "Indice": "0,6%"
  },
  {
    "Date": "2019 Q4",
    "Indice": "0,0%"
  },
  {
    "Date": "2020 Q1",
    "Indice": "-0,5%"
  },
  {
    "Date": "2020 Q2",
    "Indice": "-3,2%"
  },
  {
    "Date": "2020 Q3",
    "Indice": "2,3%"
  },
  {
    "Date": "2020 Q4",
    "Indice": "1,1%"
  },
  {
    "Date": "2021 Q1",
    "Indice": "0,0%"
  }
]
