[
  {
    "CC-AF1": "8554,9",
    "CC-AF10": "8554,9",
    "CC-AF2": "9505,4",
    "CC-AF3": "10455,9",
    "CC-AF4": "10455,9",
    "CC-AF5": "9638,6",
    "CC-AF6": "9505,4",
    "CC-AF7": "10769,2",
    "CC-AF8": "9505,4",
    "CC-AF9": "8554,9",
    "CC-AN1": "15329,7",
    "CC-AN10": "16140,0",
    "CC-AN11": "16140,0",
    "CC-AN12": "16665,3",
    "CC-AN13": "22460,6",
    "CC-AN14": "17784,2",
    "CC-AN15": "28749,6",
    "CC-AN17": "22795,7",
    "CC-AN2": "16414,6",
    "CC-AN3": "20629,7",
    "CC-AN4": "24220,4",
    "CC-AN5": "28494,6",
    "CC-AN6": "27069,8",
    "CC-AN7": "12102,4",
    "CC-AN7BIS": "15131,3",
    "CC-AN8": "18157,5",
    "CC-AN9": "16414,6",
    "CC-MA1": "13779,8",
    "CC-MA10": "13109,8",
    "CC-MA11": "13109,8",
    "CC-MA12": "13884,9",
    "CC-MA13": "15321,3",
    "CC-MA14": "14985,7",
    "CC-MA15": "10487,8",
    "CC-MA16": "14795,3",
    "CC-MA17": "16044,1",
    "CC-MA18": "16044,1",
    "CC-MA19": "12890,5",
    "CC-MA2": "12488,0",
    "CC-MA20": "14247,3",
    "CC-MA21": "14213,2",
    "CC-MA22": "17133,1",
    "CC-MA23": "15229,5",
    "CC-MA24": "11862,9",
    "CC-MA24BIS": "13557,6",
    "CC-MA25": "12710,3",
    "CC-MA26": "13920,6",
    "CC-MA27": "15527,0",
    "CC-MA27BIS": "15527,0",
    "CC-MA28": "14641,1",
    "CC-MA28BIS": "13779,8",
    "CC-MA28TER": "14913,5",
    "CC-MA29": "17539,9",
    "CC-MA3": "20590,4",
    "CC-MA30": "14277,6",
    "CC-MA31": "18085,0",
    "CC-MA4": "15229,5",
    "CC-MA5": "14913,5",
    "CC-MA7": "16044,1",
    "CC-MA9": "17539,9",
    "CC-MS1": "14600,9",
    "CC-MS10": "10950,7",
    "CC-MS12": "10950,7",
    "CC-MS2": "14600,9",
    "CC-MS3": "14600,9",
    "CC-MS4": "12009,9",
    "CC-MS5": "9797,0",
    "CC-MS6": "10008,2",
    "CC-MS6BIS": "10008,2",
    "CC-MS8": "12775,8",
    "CC-MS8BIS": "13688,4",
    "CC-MS8TER": "10950,7",
    "CC-MS9": "10038,1",
    "CC-SB1": "12498,1",
    "CC-SB10": "9797,0",
    "CC-SB11": "9764,1",
    "CC-SB12": "10935,8",
    "CC-SB13": "16201,9",
    "CC-SB14": "#N/A",
    "CC-SB15": "15991,0",
    "CC-SB16": "11717,0",
    "CC-SB17": "18852,0",
    "CC-SB18": "17056,5",
    "CC-SB19": "24390,2",
    "CC-SB2": "12811,5",
    "CC-SB20": "13612,7",
    "CC-SB21": "15261,1",
    "CC-SB23": "15557,4",
    "CC-SB5": "19749,7",
    "CC-SB6": "11304,2",
    "CC-SB7": "16158,8",
    "CC-SB8": "12498,1",
    "CC-SB9": "14585,1",
    "CE-BM1": "7758,8",
    "CE-BM1BIS": "7758,8",
    "CE-CRH1": "#N/A",
    "CE-CRH2": "#N/A",
    "CE-CRH3": "#N/A",
    "CE-CRH3BIS": "#N/A",
    "CE-CRH4": "#N/A",
    "CE-CRH5": "#N/A",
    "CE-CRH6": "#N/A",
    "CE-CRH7": "#N/A",
    "CE-CRM1": "#N/A",
    "CE-CRM1BIS": "#N/A",
    "CE-CRM2": "#N/A",
    "CE-CRM3": "#N/A",
    "CE-CRM3BIS": "#N/A",
    "CE-MED1": "#N/A",
    "CE-MED2": "#N/A",
    "CE-MED3": "#N/A",
    "CE-MED4": "#N/A",
    "CE-MED5": "#N/A",
    "CE-MED6": "#N/A",
    "CE-MED7": "#N/A",
    "CE-MED8": "#N/A",
    "CE-MED9": "#N/A",
    "CE-ML1": "5009,4",
    "CE-ML2": "5009,4",
    "CE-ML3": "5277,7",
    "CE-MR1": "6525,5",
    "CE-MR1BIS": "6525,5",
    "CE-MR2": "6243,7",
    "CE-MR3": "7215,0",
    "CE-MR4": "7215,0",
    "CE-MR5(QI)": "5414,5",
    "CE-MR6": "7842,0",
    "CE-MR7": "7906,3",
    "CE-MR7BIS": "8161,1",
    "CE-MR8": "8822,2",
    "CE-MR9": "7452,3",
    "CE-SB1": "7036,9",
    "CE-SB2": "7036,9",
    "CE-SB3": "9179,4",
    "CE-SB4": "8923,9",
    "CE-SB5": "8923,9",
    "CE-SB6": "7871,2",
    "CE-SO1": "7217,4",
    "CE-SO2": "6261,8",
    "CE-SO3": "7217,4",
    "CE-SO4": "8119,6",
    "CE-SO5": "7217,4",
    "CE-SO6": "9162,6",
    "CE-TM1": "6516,9",
    "CE-TM2": "6516,9",
    "CE-TM3": "6516,9",
    "CE-TM4": "6516,9",
    "CE-TM5": "6516,9",
    "CE-TM6": "6516,9",
    "CN-AS1": "8285,8",
    "CN-AS10": "8755,3",
    "CN-AS11": "8755,3",
    "CN-AS12": "8030,6",
    "CN-AS2(QI)": "9265,0",
    "CN-AS3": "7879,8",
    "CN-AS4": "7879,8",
    "CN-AS5": "7879,8",
    "CN-AS6": "7879,8",
    "CN-AS7": "8755,3",
    "CN-AS7BIS": "8755,3",
    "CN-AS8": "6250,0",
    "CN-AS9": "7879,8",
    "CN-HM1": "10455,8",
    "CN-HM2": "9294,0",
    "CN-HM2BIS": "9624,8",
    "CN-HM3": "8958,3",
    "CN-HM4": "8958,3",
    "CN-HM4BIS": "8958,3",
    "CN-HM4TER": "8958,3",
    "CN-HM5": "6938,2",
    "CN-HM5BIS": "6938,2",
    "CN-HM6": "7929,3",
    "CN-HM7": "8424,9",
    "CN-HM8": "7929,3",
    "CN-HM9": "8424,9",
    "CN-RN10": "10798,7",
    "CN-RN11": "9817,0",
    "CN-RN12": "9107,6",
    "CN-RN13": "9107,6",
    "CN-RN3": "11588,3",
    "CN-RN4": "8498,1",
    "CN-RN5": "9270,6",
    "CN-RN6": "11772,9",
    "CN-RN7": "10791,8",
    "CN-RN8": "9326,2",
    "CN-RN9": "9817,0",
    "CN-SB1": "5574,0",
    "CN-SB10": "8181,4",
    "CN-SB11": "8692,7",
    "CN-SB12": "7419,2",
    "CN-SB13": "9204,0",
    "CN-SB14": "11249,4",
    "CN-SB2(QI)": "4877,3",
    "CN-SB3": "9204,0",
    "CN-SB4": "9204,0",
    "CN-SB5": "6594,9",
    "CN-SB6": "6594,9",
    "CN-SB7": "9817,0",
    "CN-SB8": "10226,7",
    "CN-SB9": "9204,0",
    "CN-SM1": "6478,6",
    "CN-SM10": "7057,2",
    "CN-SM2": "7115,2",
    "CN-SM3(QI)": "6175,0",
    "CN-SM4": "7669,4",
    "CN-SM5": "7057,2",
    "CN-SM6": "7057,2",
    "CN-SM7": "6616,1",
    "CN-SM8": "6616,1",
    "CN-SM9": "7498,2",
    "CS-AC1": "12803,6",
    "CS-AC10": "16044,1",
    "CS-AC11": "15363,1",
    "CS-AC12": "16393,4",
    "CS-AC13": "15363,1",
    "CS-AC14": "12543,5",
    "CS-AC15": "15896,8",
    "CS-AC16": "11510,8",
    "CS-AC17": "12949,6",
    "CS-AC18": "11092,2",
    "CS-AC19": "12676,8",
    "CS-AC2": "8439,0",
    "CS-AC20": "10308,1",
    "CS-AC21": "11092,2",
    "CS-AC22": "10299,9",
    "CS-AC23": "11092,2",
    "CS-AC24": "8802,5",
    "CS-AC25": "10308,1",
    "CS-AC25BIS": "10308,1",
    "CS-AC25TER": "8802,5",
    "CS-AC26": "9602,7",
    "CS-AC27": "11814,6",
    "CS-AC28": "9282,9",
    "CS-AC29": "11510,8",
    "CS-AC3": "11266,3",
    "CS-AC30": "12470,0",
    "CS-AC31": "10126,8",
    "CS-AC32": "9282,9",
    "CS-AC33": "13314,7",
    "CS-AC34": "8439,0",
    "CS-AC35": "10551,5",
    "CS-AC36": "16363,6",
    "CS-AC4": "8439,0",
    "CS-AC4BIS": "9282,9",
    "CS-AC5": "7130,7",
    "CS-AC6": "8715,3",
    "CS-AC7": "11092,2",
    "CS-AC8": "11092,2",
    "CS-AC9": "12676,8",
    "CS-BO1": "11145,3",
    "CS-BO10": "12383,7",
    "CS-BO11": "12383,7",
    "CS-BO12": "12383,7",
    "CS-BO14": "12383,7",
    "CS-BO15": "9907,0",
    "CS-BO16": "16098,8",
    "CS-BO17": "12383,7",
    "CS-BO18": "11145,3",
    "CS-BO19": "13622,1",
    "CS-BO2": "12383,7",
    "CS-BO20": "13622,1",
    "CS-BO21": "9907,0",
    "CS-BO22": "8668,6",
    "CS-BO23": "11145,3",
    "CS-BO24": "9907,0",
    "CS-BO25": "9907,0",
    "CS-BO26": "11145,3",
    "CS-BO27": "9907,0",
    "CS-BO3": "12383,7",
    "CS-BO4": "12383,7",
    "CS-BO5": "12383,7",
    "CS-BO6": "12383,7",
    "CS-BO7": "12383,7",
    "CS-BO8": "12383,7",
    "CS-BO9": "12383,7",
    "CS-DB1": "7719,6",
    "CS-DB10": "9925,2",
    "CS-DB2": "11028,0",
    "CS-DB3": "13233,6",
    "CS-DB3BIS": "13233,6",
    "CS-DB3TER": "12130,8",
    "CS-DB4": "13233,6",
    "CS-DB6": "12130,8",
    "CS-DB7": "7719,6",
    "CS-DB8": "9925,2",
    "CS-DB9": "9925,2",
    "CS-HH1": "15940,1",
    "CS-HH10": "18128,1",
    "CS-HH11": "10108,8",
    "CS-HH12": "10183,2",
    "CS-HH13": "8151,1",
    "CS-HH14": "9056,8",
    "CS-HH15": "9056,8",
    "CS-HH17": "6005,8",
    "CS-HH18": "5705,5",
    "CS-HH19": "6005,8",
    "CS-HH2": "11896,7",
    "CS-HH20": "6477,8",
    "CS-HH21": "9716,7",
    "CS-HH22": "9979,1",
    "CS-HH23": "8907,0",
    "CS-HH24": "8907,0",
    "CS-HH25": "8907,0",
    "CS-HH26": "8642,7",
    "CS-HH27": "6992,7",
    "CS-HH27BIS": "6215,7",
    "CS-HH28": "8158,1",
    "CS-HH29": "8642,7",
    "CS-HH3": "12984,2",
    "CS-HH30": "8907,0",
    "CS-HH31": "6992,7",
    "CS-HH32": "11080,6",
    "CS-HH33": "8907,0",
    "CS-HH34": "17932,6",
    "CS-HH4": "14066,2",
    "CS-HH5": "13947,6",
    "CS-HH6": "13947,6",
    "CS-HH7": "12746,4",
    "CS-HH8": "16943,9",
    "CS-HH9": "18073,5",
    "CS-NO1": "8220,8",
    "CS-NO2": "8220,8",
    "CS-NO3": "8220,8",
    "CS-NO4": "8220,8",
    "CS-NO5": "7307,4",
    "CS-OA1": "9925,2",
    "CS-OA2": "12130,8",
    "CS-OA3": "9925,2",
    "CS-OA4": "7719,6",
    "CS-OA5": "11028,0",
    "CS-OA6": "7719,6",
    "CS-OA7": "8822,4",
    "CS-OA8": "7719,6",
    "CS-OS1": "#N/A",
    "CS-OS2": "#N/A",
    "CS-OS3": "#N/A",
    "CS-OS4": "#N/A",
    "CS-OS5": "#N/A",
    "CS-OS6": "#N/A",
    "RN1/SB3": "10545,3",
    "RN1/SB3__1": "10429,5",
    "RN2/SB4": "9373,6",
    "RN2/SB4__1": "9270,6"
  }
]