[
  {
    "CC-AF1": "",
    "CC-AF10": "",
    "CC-AF2": "",
    "CC-AF3": "",
    "CC-AF4": "",
    "CC-AF5": "",
    "CC-AF6": "",
    "CC-AF7": "",
    "CC-AF8": "",
    "CC-AF9": "",
    "CC-AN1": "",
    "CC-AN10": "17363.14739",
    "CC-AN11": "18637.21497",
    "CC-AN12": "18928.42146",
    "CC-AN13": "20226.70025",
    "CC-AN14": "18938.2704",
    "CC-AN15": "20226.70025",
    "CC-AN17": "13747.21238",
    "CC-AN2": "17634.44656",
    "CC-AN3": "18938.2704",
    "CC-AN4": "14606.41316",
    "CC-AN5": "17184.01548",
    "CC-AN6": "16324.8147",
    "CC-AN7": "",
    "CC-AN7BIS": "",
    "CC-AN8": "",
    "CC-AN9": "17634.44656",
    "CC-MA1": "",
    "CC-MA10": "11966.75577",
    "CC-MA11": "",
    "CC-MA12": "",
    "CC-MA13": "",
    "CC-MA14": "",
    "CC-MA15": "",
    "CC-MA16": "",
    "CC-MA17": "14854.35928",
    "CC-MA18": "15457.56241",
    "CC-MA19": "",
    "CC-MA2": "",
    "CC-MA20": "",
    "CC-MA21": "",
    "CC-MA22": "",
    "CC-MA23": "16522.28288",
    "CC-MA24": "",
    "CC-MA24BIS": "",
    "CC-MA25": "",
    "CC-MA26": "",
    "CC-MA27": "",
    "CC-MA27BIS": "",
    "CC-MA28": "",
    "CC-MA28BIS": "",
    "CC-MA28TER": "",
    "CC-MA29": "",
    "CC-MA3": "",
    "CC-MA30": "",
    "CC-MA31": "",
    "CC-MA4": "",
    "CC-MA5": "",
    "CC-MA7": "15155.96084",
    "CC-MA9": "",
    "CC-MS1": "",
    "CC-MS10": "",
    "CC-MS12": "",
    "CC-MS2": "",
    "CC-MS3": "",
    "CC-MS4": "",
    "CC-MS5": "",
    "CC-MS6": "",
    "CC-MS6BIS": "",
    "CC-MS8": "",
    "CC-MS8BIS": "",
    "CC-MS8TER": "",
    "CC-MS9": "",
    "CC-SB1": "",
    "CC-SB10": "",
    "CC-SB11": "",
    "CC-SB12": "",
    "CC-SB13": "",
    "CC-SB14": "",
    "CC-SB15": "",
    "CC-SB16": "",
    "CC-SB17": "",
    "CC-SB18": "",
    "CC-SB19": "",
    "CC-SB2": "",
    "CC-SB20": "",
    "CC-SB21": "",
    "CC-SB23": "",
    "CC-SB5": "",
    "CC-SB6": "",
    "CC-SB7": "",
    "CC-SB8": "",
    "CC-SB9": "",
    "CE-BM1": "",
    "CE-BM1BIS": "",
    "CE-CRH1": "",
    "CE-CRH2": "",
    "CE-CRH3": "",
    "CE-CRH3BIS": "",
    "CE-CRH4": "",
    "CE-CRH5": "",
    "CE-CRH6": "",
    "CE-CRH7": "",
    "CE-CRM1": "",
    "CE-CRM1BIS": "",
    "CE-CRM2": "",
    "CE-CRM3": "",
    "CE-CRM3BIS": "",
    "CE-MED1": "",
    "CE-MED2": "",
    "CE-MED3": "",
    "CE-MED4": "",
    "CE-MED5": "",
    "CE-MED6": "",
    "CE-MED7": "",
    "CE-MED8": "",
    "CE-MED9": "",
    "CE-ML1": "",
    "CE-ML2": "",
    "CE-ML3": "",
    "CE-MR1": "",
    "CE-MR1BIS": "",
    "CE-MR2": "",
    "CE-MR3": "",
    "CE-MR4": "",
    "CE-MR5(QI)": "",
    "CE-MR6": "",
    "CE-MR7": "",
    "CE-MR7BIS": "",
    "CE-MR8": "",
    "CE-MR9": "",
    "CE-SB1": "",
    "CE-SB2": "",
    "CE-SB3": "",
    "CE-SB4": "",
    "CE-SB5": "",
    "CE-SB6": "",
    "CE-SO1": "",
    "CE-SO2": "",
    "CE-SO3": "",
    "CE-SO4": "",
    "CE-SO5": "",
    "CE-SO6": "",
    "CE-TM1": "",
    "CE-TM2": "",
    "CE-TM3": "",
    "CE-TM4": "",
    "CE-TM5": "",
    "CE-TM6": "",
    "CN-AS1": "",
    "CN-AS10": "",
    "CN-AS11": "",
    "CN-AS12": "",
    "CN-AS2(QI)": "",
    "CN-AS3": "",
    "CN-AS4": "",
    "CN-AS5": "",
    "CN-AS6": "",
    "CN-AS7": "",
    "CN-AS7BIS": "",
    "CN-AS8": "",
    "CN-AS9": "",
    "CN-HM1": "",
    "CN-HM2": "",
    "CN-HM2BIS": "",
    "CN-HM3": "",
    "CN-HM4": "",
    "CN-HM4BIS": "",
    "CN-HM4TER": "",
    "CN-HM5": "",
    "CN-HM5BIS": "",
    "CN-HM6": "",
    "CN-HM7": "",
    "CN-HM8": "",
    "CN-HM9": "",
    "CN-RN10": "",
    "CN-RN11": "",
    "CN-RN12": "",
    "CN-RN13": "",
    "CN-RN3": "",
    "CN-RN4": "",
    "CN-RN5": "",
    "CN-RN6": "",
    "CN-RN7": "",
    "CN-RN8": "",
    "CN-RN9": "",
    "CN-SB1": "",
    "CN-SB10": "",
    "CN-SB11": "",
    "CN-SB12": "",
    "CN-SB13": "",
    "CN-SB14": "",
    "CN-SB2(QI)": "",
    "CN-SB3": "",
    "CN-SB4": "",
    "CN-SB5": "",
    "CN-SB6": "",
    "CN-SB7": "",
    "CN-SB8": "",
    "CN-SB9": "",
    "CN-SM1": "",
    "CN-SM10": "",
    "CN-SM2": "",
    "CN-SM3(QI)": "",
    "CN-SM4": "",
    "CN-SM5": "",
    "CN-SM6": "",
    "CN-SM7": "",
    "CN-SM8": "",
    "CN-SM9": "",
    "CS-AC1": "",
    "CS-AC10": "15155.96084",
    "CS-AC11": "14227.14683",
    "CS-AC12": "",
    "CS-AC13": "14227.14683",
    "CS-AC14": "",
    "CS-AC15": "",
    "CS-AC16": "",
    "CS-AC17": "",
    "CS-AC18": "11569.83518",
    "CS-AC19": "11826.02439",
    "CS-AC2": "13753.56847",
    "CS-AC20": "",
    "CS-AC21": "11569.83518",
    "CS-AC22": "10743.41838",
    "CS-AC23": "11569.83518",
    "CS-AC24": "",
    "CS-AC25": "",
    "CS-AC25BIS": "",
    "CS-AC25TER": "",
    "CS-AC26": "",
    "CS-AC27": "15300.84493",
    "CS-AC28": "15128.92532",
    "CS-AC29": "",
    "CS-AC3": "10433.24101",
    "CS-AC30": "",
    "CS-AC31": "15300.84493",
    "CS-AC32": "15128.92532",
    "CS-AC33": "12330.19392",
    "CS-AC34": "13753.56847",
    "CS-AC35": "",
    "CS-AC36": "",
    "CS-AC4": "13753.56847",
    "CS-AC4BIS": "15128.92532",
    "CS-AC5": "9817.831567",
    "CS-AC6": "11156.62678",
    "CS-AC7": "11569.83518",
    "CS-AC8": "11569.83518",
    "CS-AC9": "11826.02439",
    "CS-BO1": "7778.483794",
    "CS-BO10": "8642.759771",
    "CS-BO11": "8642.759771",
    "CS-BO12": "8642.759771",
    "CS-BO14": "8642.759771",
    "CS-BO15": "6914.207817",
    "CS-BO16": "11977.53539",
    "CS-BO17": "8642.759771",
    "CS-BO18": "7778.483794",
    "CS-BO19": "9507.035748",
    "CS-BO2": "8642.759771",
    "CS-BO20": "9507.035748",
    "CS-BO21": "6914.207817",
    "CS-BO22": "6049.93184",
    "CS-BO23": "7778.483794",
    "CS-BO24": "6914.207817",
    "CS-BO25": "6914.207817",
    "CS-BO26": "7778.483794",
    "CS-BO27": "6914.207817",
    "CS-BO3": "8642.759771",
    "CS-BO4": "8642.759771",
    "CS-BO5": "8642.759771",
    "CS-BO6": "8642.759771",
    "CS-BO7": "8642.759771",
    "CS-BO8": "8642.759771",
    "CS-BO9": "8642.759771",
    "CS-DB1": "8295.693575",
    "CS-DB10": "10665.89174",
    "CS-DB2": "11850.99082",
    "CS-DB3": "14221.18899",
    "CS-DB3BIS": "14221.18899",
    "CS-DB3TER": "13036.0899",
    "CS-DB4": "14221.18899",
    "CS-DB6": "13036.0899",
    "CS-DB7": "8295.693575",
    "CS-DB8": "10665.89174",
    "CS-DB9": "10665.89174",
    "CS-HH1": "19621.50488",
    "CS-HH10": "",
    "CS-HH11": "",
    "CS-HH12": "",
    "CS-HH13": "",
    "CS-HH14": "",
    "CS-HH15": "",
    "CS-HH17": "",
    "CS-HH18": "",
    "CS-HH19": "",
    "CS-HH2": "",
    "CS-HH20": "8886.690909",
    "CS-HH21": "13747.21238",
    "CS-HH22": "",
    "CS-HH23": "12219.2",
    "CS-HH24": "12219.2",
    "CS-HH25": "12219.2",
    "CS-HH26": "",
    "CS-HH27": "",
    "CS-HH27BIS": "",
    "CS-HH28": "",
    "CS-HH29": "",
    "CS-HH3": "16542.35581",
    "CS-HH30": "12219.2",
    "CS-HH31": "",
    "CS-HH32": "13021.11786",
    "CS-HH33": "12219.2",
    "CS-HH34": "19008.33285",
    "CS-HH4": "17920.88546",
    "CS-HH5": "18306.77611",
    "CS-HH6": "16030.85742",
    "CS-HH7": "",
    "CS-HH8": "",
    "CS-HH9": "",
    "CS-NO1": "",
    "CS-NO2": "",
    "CS-NO3": "",
    "CS-NO4": "",
    "CS-NO5": "",
    "CS-OA1": "10665.89174",
    "CS-OA2": "13036.0899",
    "CS-OA3": "10665.89174",
    "CS-OA4": "8295.693575",
    "CS-OA5": "11850.99082",
    "CS-OA6": "8295.693575",
    "CS-OA7": "9480.792657",
    "CS-OA8": "8295.693575",
    "CS-OS1": "",
    "CS-OS2": "",
    "CS-OS3": "",
    "CS-OS4": "",
    "CS-OS5": "",
    "CS-OS6": "",
    "RN1/SB3": "",
    "RN1/SB3__1": "",
    "RN2/SB4": "",
    "RN2/SB4__1": "",
    "": "",
    "__1": ""
  }
]