[
    {
        "areaLabel": "Anfa",
        "prix": 19688,
        "id": 635794,
        "lat": 33.59330779273395,
        "lng":  -7.6657053739553005
    },
    {
        "areaLabel": "Ma\u00e2rif",
        "prix": 14801,
        "id": 635763,
        "lat": 33.56741630658085, 
        "lng": -7.632243650498164
    },
    {
        "areaLabel": "Sidi Belyout",
        "prix": 14497,
        "id": 635792,
        "lat": 33.59511148145721, 
        "lng": -7.626439336872649
    },
    {
        "areaLabel": "Mers Sultan",
        "prix": 12009,
        "id": 635754,
        "lat": 33.5680699818793, 
        "lng": -7.587431886630733
    },
    {
        "areaLabel": "Bouskoura",
        "prix": 11812,
        "id": 635764,
        "lat": 33.44837885557592,
        "lng":  -7.644526922094976
    },
    {
        "areaLabel": "A\u00efn Chock",
        "prix": 11397,
        "id": 635787,
        "lat": 33.54080174074397, 
        "lng": -7.596911721106833
    },
    {
        "areaLabel": "Hay Hassani",
        "prix": 10539,
        "id": 635758,
        "lat": 33.57169641206155,
        "lng":  -7.6775665736206395
    },
    {
        "areaLabel": "Dar Bouazza",
        "prix": 10274,
        "id": 635760,
        "lat": 33.52511005516234, 
        "lng": -7.82305398298039
    },
    {
        "areaLabel": "Roches Noires",
        "prix": 9997,
        "id": 635797,
        "lat": 33.607324429664864, 
        "lng": -7.563074040952958
    },
    {
        "areaLabel": "Al Fida",
        "prix": 9550,
        "id": 635756,
        "lat": 33.569185333533426, 
        "lng": -7.585558621025866
    },
    {
        "areaLabel": "Hay Mohammadi",
        "prix": 8599,
        "id": 635757,
        "lat": 33.59131314087515, 
        "lng": -7.563528640747293
    },
    {
        "areaLabel": "Sidi Bernoussi",
        "prix": 8289,
        "id": 635766,
        "lat": 33.610969574912865,
        "lng":  -7.490862752965407
    },
    {
        "areaLabel": "A\u00efn Sebaa",
        "prix": 8173,
        "id": 635765,
        "lat": 33.60203450058985, 
        "lng": -7.535762278994869
    },
    {
        "areaLabel": "Oulad Azzouz",
        "prix": 8038,
        "id": 635789,
        "lat": 33.49540997844725,
        "lng": -7.727945674403018
    },
    {
        "areaLabel": "Ben M'sick",
        "prix": 7759,
        "id": 635798,
        "lat": 33.5548324830263, 
        "lng": -7.58094187858374
    },
    {
        "areaLabel": "Sidi Othamane",
        "prix": 7394,
        "id": 635796,
        "lat": 33.558507838918835, 
        "lng": -7.563172700223314
    },
    {
        "areaLabel": "Moulay Rachid",
        "prix": 7211,
        "id": 635783,
        "lat": 33.567581664905326, 
        "lng": -7.552272824758249
    },
    {
        "areaLabel": "Sidi Moumen",
        "prix": 6934,
        "id": 635772,
        "lat": 33.5864473132384,
        "lng": -7.519036255459893
    },
    {
        "areaLabel": "Tit Mellil",
        "prix": 6516,
        "id": 635791,
        "lat": 33.55238100879953, 
        "lng": -7.4852055314580745
    },
    {
        "areaLabel": "Lahraouiyine",
        "prix": 5768,
        "id": 635799,
        "lat": 33.548136025598794,
        "lng": -7.538176746103402
    },
    {
        "areaLabel": "Mohammedia",
        "prix": 0,
        "id": 635755,
        "lat": 33.68908296129615,
        "lng": -7.385288930245403
    },
    {
        "areaLabel": "Oulad Salah",
        "prix": 0,
        "id": 635767,
        "lat": 33.446159,
        "lng": -7.668868
    },
    {
        "areaLabel": "Ben Slimane",
        "prix": 0,
        "id": 635793,
        "lat": 33.654398,
        "lng": -7.272112
    },
    {
        "areaLabel": "Mediouna",
        "prix": 0,
        "id": 635803,
        "lat": 33.455117758769944,
        "lng": -7.518453114687956
    },
    {
        "areaLabel": "Nouaceur",
        "prix": 0,
        "id": 635762,
        "lat": 33.493712,
        "lng": -7.667238
    },
    {
        "areaLabel": "Nouceur",
        "prix": 0,
        "id": 635775,
        "lat": 33.512219,
        "lng": -7.604009
    }
]